Workbook

Sheet Sales_Trend
A1: Date | B1: Product | C1: Region | D1: Sales Amount | E1: Quantity Sold | F1: Salesperson | G1: month | H1: Month2 | I1: Year
A2: 44927 | B2: Keyboard | C2: North | D2: 279.1 | E2: 3 | F2: Charlie | G2: =CHOOSE(H2,"January","February","March","April","May","June","July","August","September","October","November","December") -> January | H2: =MONTH(Table1[[#This Row],[Date]]) -> 1 | I2: =YEAR(Table1[[#This Row],[Date]]) -> 2023
A3: 44873 | B3: Smartphone | C3: South | D3: 669.66 | E3: 1 | F3: Alice | G3: =CHOOSE(H3,"January","February","March","April","May","June","July","August","September","October","November","December") -> November | H3: =MONTH(Table1[[#This Row],[Date]]) -> 11 | I3: =YEAR(Table1[[#This Row],[Date]]) -> 2022
A4: 44932 | B4: Laptop | C4: West | D4: 178.4 | E4: 10 | F4: Bob | G4: =CHOOSE(H4,"January","February","March","April","May","June","July","August","September","October","November","December") -> January | H4: =MONTH(Table1[[#This Row],[Date]]) -> 1 | I4: =YEAR(Table1[[#This Row],[Date]]) -> 2023
A5: 44933 | B5: Tablet | C5: South | D5: 665.95 | E5: 3 | F5: Alice | G5: =CHOOSE(H5,"January","February","March","April","May","June","July","August","September","October","November","December") -> January | H5: =MONTH(Table1[[#This Row],[Date]]) -> 1 | I5: =YEAR(Table1[[#This Row],[Date]]) -> 2023
A6: 44934 | B6: Keyboard | C6: South | D6: 1803.38 | E6: 7 | F6: Bob | G6: =CHOOSE(H6,"January","February","March","April","May","June","July","August","September","October","November","December") -> January | H6: =MONTH(Table1[[#This Row],[Date]]) -> 1 | I6: =YEAR(Table1[[#This Row],[Date]]) -> 2023
A7: 44934 | B7: Laptop | C7: South | D7: 104.82 | E7: 7 | F7: Bob | G7: =CHOOSE(H7,"January","February","March","April","May","June","July","August","September","October","November","December") -> January | H7: =MONTH(Table1[[#This Row],[Date]]) -> 1 | I7: =YEAR(Table1[[#This Row],[Date]]) -> 2023
A8: 44935 | B8: Monitor | C8: South | D8: 172.81 | E8: 2 | F8: Charlie | G8: =CHOOSE(H8,"January","February","March","April","May","June","July","August","September","October","November","December") -> January | H8: =MONTH(Table1[[#This Row],[Date]]) -> 1 | I8: =YEAR(Table1[[#This Row],[Date]]) -> 2023
A9: 44857 | B9: Monitor | C9: South | D9: 524.08 | E9: 1 | F9: Charlie | G9: =CHOOSE(H9,"January","February","March","April","May","June","July","August","September","October","November","December") -> October | H9: =MONTH(Table1[[#This Row],[Date]]) -> 10 | I9: =YEAR(Table1[[#This Row],[Date]]) -> 2022
A10: 44809 | B10: Smartphone | C10: East | D10: 551.62 | E10: 1 | F10: Charlie | G10: =CHOOSE(H10,"January","February","March","April","May","June","July","August","September","October","November","December") -> September | H10: =MONTH(Table1[[#This Row],[Date]]) -> 9 | I10: =YEAR(Table1[[#This Row],[Date]]) -> 2022
A11: 44802 | B11: Tablet | C11: West | D11: 1193.5 | E11: 1 | F11: Diana | G11: =CHOOSE(H11,"January","February","March","April","May","June","July","August","September","October","November","December") -> August | H11: =MONTH(Table1[[#This Row],[Date]]) -> 8 | I11: =YEAR(Table1[[#This Row],[Date]]) -> 2022
A12: 44602 | B12: Keyboard | C12: North | D12: 1833.21 | E12: 1 | F12: Alice | G12: =CHOOSE(H12,"January","February","March","April","May","June","July","August","September","October","November","December") -> February | H12: =MONTH(Table1[[#This Row],[Date]]) -> 2 | I12: =YEAR(Table1[[#This Row],[Date]]) -> 2022
A13: 44797 | B13: Monitor | C13: East | D13: 1571.03 | E13: 1 | F13: Alice | G13: =CHOOSE(H13,"January","February","March","April","May","June","July","August","September","October","November","December") -> August | H13: =MONTH(Table1[[#This Row],[Date]]) -> 8 | I13: =YEAR(Table1[[#This Row],[Date]]) -> 2022
... A501: 44565 | B501: Keyboard | C501: West | D501: 1635.66 | E501: 10 | F501: Charlie | G501: =CHOOSE(H501,"January","February","March","April","May","June","July","August","September","October","November","December") -> January | H501: =MONTH(Table1[[#This Row],[Date]]) -> 1 | I501: =YEAR(Table1[[#This Row],[Date]]) -> 2022
C502: Total | D502: =SUM(D2:D501) -> 534256.05

Sheet Insight pivot
A3: Row Labels | B3: Count of Quantity Sold | C3: Sum of Sales Amount | E3: Row Labels | F3: Count of Quantity Sold
A4: 2022 | B4: 261 | C4: 278387.4 | E4: Keyboard | F4: 93
A5: 2023 | B5: 239 | C5: 255868.65 | E5: Laptop | F5: 113
A6: Grand Total | B6: 500 | C6: 534256.05 | E6: Monitor | F6: 110
E7: Smartphone | F7: 91
E8: Tablet | F8: 93
E9: Grand Total | F9: 500 | H9: Row Labels | I9: Sum of Sales Amount
H10: East | I10: 125966.97
H11: North | I11: 124549.8
H12: South | I12: 144880.68
H13: West | I13: 138858.6
H14: Grand Total | I14: 534256.05
A16: Row Labels | B16: Sum of Sales Amount | C16: Count of Quantity Sold
A17: 2022 | B17: 222069.53 | C17: 210
A18: 2023 | B18: 211007.37 | C18: 196 | E18: Row Labels | F18: Sum of Sales Amount
A19: Grand Total | B19: 433076.9 | C19: 406 | E19: Alice | F19: 113520.79
E20: Bob | F20: 101179.15
E21: Charlie | F21: 109592.38
E22: Diana | F22: 112749.26
E23: Ethan | F23: 97214.47
E24: Grand Total | F24: 534256.05

Sheet KPI
A1: Average sales | B1: sales growth | C1: Total sales | D1: Units sold | E1: Top selling products | F1: sales by salesperson | G1: sales by region
A2: =AVERAGE(Sales_Trend!A2:A501) -> 44915.114 | B2: =(255868-278387)/278387 -> -0.08089099 | C2: =SUM(Sales_Trend!D2:D501) -> 534256.05 | D2: =GETPIVOTDATA("[Measures].[Count of Quantity Sold 2]",'Insight pivot'!$A$3) -> 500 | E2: ='Insight pivot'!E5 -> Laptop | F2: ='Insight pivot'!E19 -> Alice | G2: =GETPIVOTDATA("[Measures].[Sum of Sales Amount 2]",'Insight pivot'!$H$9,"[Table1].[Region]","[Table1].[Region].&[South]") -> 144880.68
